https://www.milanuncios.com/textos-del-anuncio/?c=458&m=1,se venden estanterias,Madrid,estanteria barata,59,Francisco,andres@miniemail.es,"C:\Users\Administrador\Desktop\descarga.jpg"|
https://www.milanuncios.com/textos-del-anuncio/?c=458&m=1,se venden estanterias,Barcelona,estanteria barata,59,Francisco,vicente@miniemail.es,"C:\Users\Administrador\Desktop\descarga.jpg"|
https://www.milanuncios.com/textos-del-anuncio/?c=458&m=1,se venden estanterias,Sevilla,estanteria barata,59,Francisco,sergio@miniemail.es,"C:\Users\Administrador\Desktop\descarga.jpg"|










